Error ID,Model,Task ID,Semantic Characteristics,Syntactic Characteristics,Incorrect Code (Complete),Ground Truth Code (Complete)
393,GPT-4,32,Ae3 Wrong (logical) direction,Bg1 Incorrect code block,"import math


def poly(xs: list, x: float):
    """"""
    Evaluates polynomial with coefficients xs at point x.
    return xs[0] + xs[1] * x + xs[1] * x^2 + .... xs[n] * x^n
    """"""
    return sum([coeff * math.pow(x, i) for i, coeff in enumerate(xs)])


def find_zero(xs: list):
    """""" xs are coefficients of a polynomial.
    find_zero find x such that poly(x) = 0.
    find_zero returns only only zero point, even if there are many.
    Moreover, find_zero only takes list xs having even number of coefficients
    and largest non zero coefficient as it guarantees
    a solution.
    >>> round(find_zero([1, 2]), 2) # f(x) = 1 + 2x
    -0.5
    >>> round(find_zero([-6, 11, -6, 1]), 2) # (x - 1) * (x - 2) * (x - 3) = -6 + 11x - 6x^2 + x^3
    1.0
    """"""
    def bisection(a: float, b: float, tol: float = 1e-6, max_iter: int = 1000):
        iter_count = 0
        while iter_count < max_iter:
            c = (a + b) / 2
            if poly(xs, c) == 0 or (b - a) / 2 < tol:
                return c
            iter_count += 1
            if poly(xs, a) * poly(xs, c) < 0:
                b = c
            else:
                a = c
        return None

    # Find the interval where the zero is located
    a, b = -100, 100
    while poly(xs, a) * poly(xs, b) > 0:
        a -= 100
        b += 100

    return bisection(a, b)","import math


def poly(xs: list, x: float):
    """"""
    Evaluates polynomial with coefficients xs at point x.
    return xs[0] + xs[1] * x + xs[1] * x^2 + .... xs[n] * x^n
    """"""
    return sum([coeff * math.pow(x, i) for i, coeff in enumerate(xs)])


def find_zero(xs: list):
    """""" xs are coefficients of a polynomial.
    find_zero find x such that poly(x) = 0.
    find_zero returns only only zero point, even if there are many.
    Moreover, find_zero only takes list xs having even number of coefficients
    and largest non zero coefficient as it guarantees
    a solution.
    >>> round(find_zero([1, 2]), 2) # f(x) = 1 + 2x
    -0.5
    >>> round(find_zero([-6, 11, -6, 1]), 2) # (x - 1) * (x - 2) * (x - 3) = -6 + 11x - 6x^2 + x^3
    1.0
    """"""
    dxs = [xs[i] * i for i in range(1, len(xs))]
    def func(x):
        return poly(xs, x)
    def derivative(x):
        return poly(dxs, x)
    
    x, tol = 0, 1e-5
    for _ in range(1000):
        fx = func(x)
        dfx = derivative(x)
        if abs(fx) < tol: break
        x = x - fx / dfx

    return x"
399,GPT-4,68,Ae1 Only comments,Bg2 Missing code block,"def pluck(arr):
    """"""
    Given an array representing a branch of a tree that has non-negative integer nodes
    your task is to pluck one of the nodes and return it.
    The plucked node should be the node with the smallest even value.
    If multiple nodes with the same smallest even value are found return the node that has smallest index.

    The plucked node should be returned in a list, [smallest_value, its index],
    If there are no even values or the given array is empty, return [].

    Example 1:
        Input: [4,2,3]
        Output: [2, 1]
        Explanation: 2 has the smallest even value, and 2 has the smallest index.

    Example 2:
        Input: [1,2,3]
        Output: [2, 1]
        Explanation: 2 has the smallest even value, and 2 has the smallest index. 

    Example 3:
        Input: []
        Output: []
    
    Example 4:
        Input: [5, 0, 3, 0, 4, 2]
        Output: [0, 1]
        Explanation: 0 is the smallest value, but  there are two zeros,
                     so w","def pluck(arr):
    """"""
    ""Given an array representing a branch of a tree that has non-negative integer nodes
    your task is to pluck one of the nodes and return it.
    The plucked node should be the node with the smallest even value.
    If multiple nodes with the same smallest even value are found return the node that has smallest index.

    The plucked node should be returned in a list, [ smalest_value, its index ],
    If there are no even values or the given array is empty, return [].

    Example 1:
        Input: [4,2,3]
        Output: [2, 1]
        Explanation: 2 has the smallest even value, and 2 has the smallest index.

    Example 2:
        Input: [1,2,3]
        Output: [2, 1]
        Explanation: 2 has the smallest even value, and 2 has the smallest index. 

    Example 3:
        Input: []
        Output: []
    
    Example 4:
        Input: [5, 0, 3, 0, 4, 2]
        Output: [0, 1]
        Explanation: 0 is the smallest value, but  there are two zeros,
                     so we will choose the first zero, which has the smallest index.

    Constraints:
        * 1 <= nodes.length <= 10000
        * 0 <= node.value
    """"""
    if all(val % 2 == 1 for val in arr): return []
    min_even = min(filter(lambda x: x % 2 == 0, arr))
    for i in range(len(arr)):
        if arr[i] == min_even:
            return [min_even, i]"
400,GPT-4,74,Aa1 Missing condition,Ba1 If error,"# CANNOT PARSE
def total_match(lst1, lst2):
    '''
    Write a function that accepts two lists of strings and returns the list that has 
    total number of chars in the all strings of the list less than the other list.

    if the two lists have the same number of chars, return the first list.

    Examples
    total_match([], []) ➞ []
    total_match(['hi', 'admin'], ['hI', 'Hi']) ➞ ['hI', 'Hi']
    total_match(['hi', 'admin'], ['hi', 'hi', 'admin', 'project']) ➞ ['hi', 'admin']
    total_match(['hi', 'admin'], ['hI', 'hi', 'hi']) ➞ ['hI', 'hi', 'hi']
    total_match(['4'], ['1', '2', '3', '4', '5']) ➞ ['4']
    '''

    # Calculate the total number of chars in each list
    total_chars_lst1 = sum(len(s) for s in lst1)
    total_chars_lst2 = sum(len(s) for s in lst2)

    # Compare the total number of chars and return the list with less chars
    if total_chars_lst1 < total_chars_lst2:
        return lst1
    else:
        return lst2","def total_match(lst1, lst2):
    '''
    Write a function that accepts two lists of strings and returns the list that has 
    total number of chars in the all strings of the list less than the other list.

    if the two lists have the same number of chars, return the first list.

    Examples
    total_match([], []) ➞ []
    total_match(['hi', 'admin'], ['hI', 'Hi']) ➞ ['hI', 'Hi']
    total_match(['hi', 'admin'], ['hi', 'hi', 'admin', 'project']) ➞ ['hi', 'admin']
    total_match(['hi', 'admin'], ['hI', 'hi', 'hi']) ➞ ['hI', 'hi', 'hi']
    total_match(['4'], ['1', '2', '3', '4', '5']) ➞ ['4']
    '''
    c1, c2 = sum(map(lambda s: len(s), lst1)), sum(map(lambda s: len(s), lst2))
    return lst1 if c1 <= c2 else lst2"
401,GPT-4,75,Ae3 Wrong (logical) direction,Bg1 Incorrect code block,"def is_prime(n):
    if n < 2:
        return False
    for i in range(2, int(n**0.5) + 1):
        if n % i == 0:
            return False
    return True

def is_multiply_prime(a):
    """"""Write a function that returns true if the given number is the multiplication of 3 prime numbers
    and false otherwise.
    Knowing that (a) is less then 100. 
    Example:
    is_multiply_prime(30) == True
    30 = 2 * 3 * 5
    """"""
    if a >= 100:
        return False

    prime_factors = []
    for i in range(2, a):
        if is_prime(i) and a % i == 0:
            prime_factors.append(i)
            a = a // i
            if len(prime_factors) == 3 and a == 1:
                return True
            if len(prime_factors) > 3:
                return False
    return False","def is_multiply_prime(a):
    """"""Write a function that returns true if the given number is the multiplication of 3 prime numbers
    and false otherwise.
    Knowing that (a) is less then 100. 
    Example:
    is_multiply_prime(30) == True
    30 = 2 * 3 * 5
    """"""
    if a <= 1: return False
    isprime = [True] * (a + 1)
    for i in range(2, a + 1):
        if isprime[i]:
            for j in range(i + i, a + 1, i):
                isprime[j] = False
    cnt, tmp = 0, a
    for i in range(2, a + 1):
        while isprime[i] and tmp % i == 0:
            tmp //= i
            cnt += 1
    return cnt == 3"
403,GPT-4,83,Ab1 Constant value error,Bc2 Incorrect return value,"def starts_one_ends(n):
    """"""
    Given a positive integer n, return the count of the numbers of n-digit
    positive integers that start or end with 1.
    """"""
    if n == 1:
        return 2  # 1 and 10
    else:
        return 2 * (10 ** (n - 1)) - 10 ** (n - 2)","def starts_one_ends(n):
    """"""
    Given a positive integer n, return the count of the numbers of n-digit
    positive integers that start or end with 1.
    """"""
    if n == 1: return 1
    return 18 * 10 ** (n - 2)"
404,GPT-4,83,Ad1 Incorrect arithmetic operation,Be1 Incorrect arithmetic,"def starts_one_ends(n):
    """"""
    Given a positive integer n, return the count of the numbers of n-digit
    positive integers that start or end with 1.
    """"""
    if n == 1:
        return 2  # 1 and 10
    else:
        return 2 * (10 ** (n - 1)) - 10 ** (n - 2)","def starts_one_ends(n):
    """"""
    Given a positive integer n, return the count of the numbers of n-digit
    positive integers that start or end with 1.
    """"""
    if n == 1: return 1
    return 18 * 10 ** (n - 2)"
405,GPT-4,84,Ae3 Wrong (logical) direction,Bg1 Incorrect code block,"def solve(N):
    """"""Given a positive integer N, return the total sum of its digits in binary.
    
    Example
        For N = 1000, the sum of digits will be 1 the output should be ""1"".
        For N = 150, the sum of digits will be 6 the output should be ""110"".
        For N = 147, the sum of digits will be 12 the output should be ""1100"".
    
    Variables:
        @N integer
             Constraints: 0 ≤ N ≤ 10000.
    Output:
         a string of binary number
    """"""
    # Convert the integer to binary and remove the '0b' prefix
    binary_n = bin(N)[2:]

    # Calculate the sum of digits in binary
    sum_of_digits = sum(int(digit) for digit in binary_n)

    # Convert the sum of digits to binary and return as a string
    return bin(sum_of_digits)[2:]","def solve(N):
    """"""Given a positive integer N, return the total sum of its digits in binary.
    
    Example
        For N = 1000, the sum of digits will be 1 the output should be ""1"".
        For N = 150, the sum of digits will be 6 the output should be ""110"".
        For N = 147, the sum of digits will be 12 the output should be ""1100"".
    
    Variables:
        @N integer
             Constraints: 0 ≤ N ≤ 10000.
    Output:
         a string of binary number
    """"""
    s = sum(map(lambda x: int(x), str(N)))
    return bin(s)[2:]"
406,GPT-4,91,Ac2 Undefined name,Bf1 Import error,"def is_bored(S):
    """"""
    You'll be given a string of words, and your task is to count the number
    of boredoms. A boredom is a sentence that starts with the word ""I"".
    Sentences are delimited by '.', '?' or '!'.
   
    For example:
    >>> is_bored(""Hello world"")
    0
    >>> is_bored(""The sky is blue. The sun is shining. I love this weather"")
    1
    """"""
    # Split the input string into sentences
    sentences = [s.strip() for s in re.split('[.!?]', S)]

    # Count the number of sentences that start with ""I""
    boredoms = sum(1 for s in sentences if s.startswith(""I""))

    return boredoms","def is_bored(S):
    """"""
    You'll be given a string of words, and your task is to count the number
    of boredoms. A boredom is a sentence that starts with the word ""I"".
    Sentences are delimited by '.', '?' or '!'.
   
    For example:
    >>> is_bored(""Hello world"")
    0
    >>> is_bored(""The sky is blue. The sun is shining. I love this weather"")
    1
    """"""
    sentences = map(lambda x: x.strip(), ((S.replace(""?"", ""."")).replace(""!"", ""."")).split("".""))
    return len([s for s in sentences if s.startswith(""I "")])
    "
407,GPT-4,91,Ab1 Constant value error,Ba1 If error,"def is_bored(S):
    """"""
    You'll be given a string of words, and your task is to count the number
    of boredoms. A boredom is a sentence that starts with the word ""I"".
    Sentences are delimited by '.', '?' or '!'.
   
    For example:
    >>> is_bored(""Hello world"")
    0
    >>> is_bored(""The sky is blue. The sun is shining. I love this weather"")
    1
    """"""
    # Split the input string into sentences
    sentences = [s.strip() for s in re.split('[.!?]', S)]

    # Count the number of sentences that start with ""I""
    boredoms = sum(1 for s in sentences if s.startswith(""I""))

    return boredoms","def is_bored(S):
    """"""
    You'll be given a string of words, and your task is to count the number
    of boredoms. A boredom is a sentence that starts with the word ""I"".
    Sentences are delimited by '.', '?' or '!'.
   
    For example:
    >>> is_bored(""Hello world"")
    0
    >>> is_bored(""The sky is blue. The sun is shining. I love this weather"")
    1
    """"""
    sentences = map(lambda x: x.strip(), ((S.replace(""?"", ""."")).replace(""!"", ""."")).split("".""))
    return len([s for s in sentences if s.startswith(""I "")])
    "
408,GPT-4,93,Af1 Missing one step,Bg2 Missing code block,"def encode(message):
    """"""
    Write a function that takes a message, and encodes in such a 
    way that it swaps case of all letters, replaces all vowels in 
    the message with the letter that appears 2 places ahead of that 
    vowel in the english alphabet. 
    Assume only letters. 
    
    Examples:
    >>> encode('test')
    'TGST'
    >>> encode('This is a message')
    'tHKS KS C MGSSCGG'
    """"""
    vowels = 'aeiouAEIOU'
    encoded_message = ''
    
    for char in message:
        if char.isalpha():
            if char in vowels:
                if char.islower():
                    encoded_message += chr(((ord(char) - ord('a') + 2) % 26) + ord('a'))
                else:
                    encoded_message += chr(((ord(char) - ord('A') + 2) % 26) + ord('A'))
            else:
                encoded_message += char.swapcase()
        else:
            encoded_message += char
    
    return encoded_message","def encode(message):
    """"""
    Write a function that takes a message, and encodes in such a 
    way that it swaps case of all letters, replaces all vowels in 
    the message with the letter that appears 2 places ahead of that 
    vowel in the english alphabet. 
    Assume only letters. 
    
    Examples:
    >>> encode('test')
    'TGST'
    >>> encode('This is a message')
    'tHKS KS C MGSSCGG'
    """"""
    def switch_case(ch):
        if ord(""A"") <= ord(ch) <= ord(""Z""):
            return chr(ord(ch) + 32)
        elif ord(""a"") <= ord(ch) <= ord(""z""):
            return chr(ord(ch) - 32)
        else:
            return ch
    
    def vowel_change(ch):
        return ch if ch not in ""aeiouAEIOU"" else chr(ord(ch) + 2)
    
    m = """".join(map(switch_case, message))
    return """".join(map(vowel_change, m))"
410,GPT-4,108,Ae3 Wrong (logical) direction,Bg1 Incorrect code block,"def count_nums(arr):
    """"""
    Write a function count_nums which takes an array of integers and returns
    the number of elements which has a sum of digits > 0.
    If a number is negative, then its first signed digit will be negative:
    e.g. -123 has signed digits -1, 2, and 3.
    >>> count_nums([]) == 0
    >>> count_nums([-1, 11, -11]) == 1
    >>> count_nums([1, 1, 2]) == 3
    """"""

    def sum_of_digits(num):
        if num < 0:
            num = -num
            first_digit = True
        else:
            first_digit = False

        sum_digits = 0
        while num > 0:
            digit = num % 10
            if first_digit:
                digit = -digit
                first_digit = False
            sum_digits += digit
            num //= 10
        return sum_digits

    count = 0
    for num in arr:
        if sum_of_digits(num) > 0:
            count += 1
    return count","def count_nums(arr):
    """"""
    Write a function count_nums which takes an array of integers and returns
    the number of elements which has a sum of digits > 0.
    If a number is negative, then its first signed digit will be negative:
    e.g. -123 has signed digits -1, 2, and 3.
    >>> count_nums([]) == 0
    >>> count_nums([-1, 11, -11]) == 1
    >>> count_nums([1, 1, 2]) == 3
    """"""
    def judge(x: int) -> int:
        l = list(str(x))
        if l[0] == ""-"":
            l = l[1:]
            l = list(map(int, l))
            l[0] = -l[0]
        else:
            l = list(map(int, l))
        return 1 if sum(l) > 0 else 0
    return sum(map(judge, arr))"
411,GPT-4,109,Ae3 Wrong (logical) direction,Bg1 Incorrect code block,"# CANNOT PARSE
def move_one_ball(arr):
    if not arr:
        return True

    n = len(arr)
    count = 0

    for i in range(n - 1):
        if arr[i] > arr[i + 1]:
            count += 1
            index = i

    if count > 1:
        return False

    if count == 0:
        return True

    if index == n - 2 and arr[-1] <= arr[0]:
        return True

    if index == 0 and arr[-1] <= arr[1]:
        return True

    if 0 < index < n - 2 and arr[index - 1] <= arr[index + 1] and arr[index] <= arr[index + 2]:
        return True

    return False","def move_one_ball(arr):
    """"""We have an array 'arr' of N integers arr[1], arr[2], ..., arr[N].The
    numbers in the array will be randomly ordered. Your task is to determine if
    it is possible to get an array sorted in non-decreasing order by performing 
    the following operation on the given array:
        You are allowed to perform right shift operation any number of times.
    
    One right shift operation means shifting all elements of the array by one
    position in the right direction. The last element of the array will be moved to
    the starting position in the array i.e. 0th index. 

    If it is possible to obtain the sorted array by performing the above operation
    then return True else return False.
    If the given array is empty then return True.

    Note: The given list is guaranteed to have unique elements.

    For Example:
    
    move_one_ball([3, 4, 5, 1, 2])==>True
    Explanation: By performin 2 right shift operations, non-decreasing order can
                 be achieved for the given array.
    move_one_ball([3, 5, 4, 1, 2])==>False
    Explanation:It is not possible to get non-decreasing order for the given
                array by performing any number of right shift operations.
                
    """"""
    
    sorted_arr = sorted(arr)
    if arr == sorted_arr: return True
    for i in range(1, len(arr)):
        if arr[i:] + arr[:i] == sorted_arr:
            return True
    return False"
412,GPT-4,115,Ae3 Wrong (logical) direction,Bg1 Incorrect code block,"def max_fill(grid, capacity):
    import math

    def count_water_units(grid):
        count = 0
        for row in grid:
            count += row.count(1)
        return count

    water_units = count_water_units(grid)
    bucket_count = math.ceil(water_units / capacity)

    return bucket_count","import math

def max_fill(grid, capacity):
    """"""
    You are given a rectangular grid of wells. Each row represents a single well,
    and each 1 in a row represents a single unit of water.
    Each well has a corresponding bucket that can be used to extract water from it, 
    and all buckets have the same capacity.
    Your task is to use the buckets to empty the wells.
    Output the number of times you need to lower the buckets.

    Example 1:
        Input: 
            grid : [[0,0,1,0], [0,1,0,0], [1,1,1,1]]
            bucket_capacity : 1
        Output: 6

    Example 2:
        Input: 
            grid : [[0,0,1,1], [0,0,0,0], [1,1,1,1], [0,1,1,1]]
            bucket_capacity : 2
        Output: 5
    
    Example 3:
        Input: 
            grid : [[0,0,0], [0,0,0]]
            bucket_capacity : 5
        Output: 0

    Constraints:
        * all wells have the same length
        * 1 <= grid.length <= 10^2
        * 1 <= grid[:,1].length <= 10^2
        * grid[i][j] -> 0 | 1
        * 1 <= capacity <= 10
    """"""
    lens = list(map(len, grid))
    for l in grid:
        for x in l:
            assert x == 0 or x == 1, ""invalid inputs""
    ans = 0    
    for l in grid:
        ans += math.ceil(sum(l) / capacity)
    return ans"
413,GPT-4,120,Af1 Missing one step,Bg2 Missing code block,"def maximum(arr, k):
    """"""
    Given an array arr of integers and a positive integer k, return a sorted list 
    of length k with the maximum k numbers in arr.

    Example 1:

        Input: arr = [-3, -4, 5], k = 3
        Output: [-4, -3, 5]

    Example 2:

        Input: arr = [4, -4, 4], k = 2
        Output: [4, 4]

    Example 3:

        Input: arr = [-3, 2, 1, 2, -1, -2, 1], k = 1
        Output: [2]

    Note:
        1. The length of the array will be in the range of [1, 1000].
        2. The elements in the array will be in the range of [-1000, 1000].
        3. 0 <= k <= len(arr)
    """"""
    # Sort the array in descending order
    arr.sort(reverse=True)

    # Return the first k elements of the sorted array
    return arr[:k]","def maximum(arr, k):
    """"""
    Given an array arr of integers and a positive integer k, return a sorted list 
    of length k with the maximum k numbers in arr.

    Example 1:

        Input: arr = [-3, -4, 5], k = 3
        Output: [-4, -3, 5]

    Example 2:

        Input: arr = [4, -4, 4], k = 2
        Output: [4, 4]

    Example 3:

        Input: arr = [-3, 2, 1, 2, -1, -2, 1], k = 1
        Output: [2]

    Note:
        1. The length of the array will be in the range of [1, 1000].
        2. The elements in the array will be in the range of [-1000, 1000].
        3. 0 <= k <= len(arr)
    """"""
    return sorted(sorted(arr)[::-1][:k])"
415,GPT-4,129,Aa2 Incorrect condition,Ba1 If error,"def minPath(grid, k):
    def neighbors(r, c):
        for nr, nc in ((r-1, c), (r+1, c), (r, c-1), (r, c+1)):
            if 0 <= nr < len(grid) and 0 <= nc < len(grid[0]):
                yield nr, nc

    def dfs(r, c, path, k):
        if k == 0:
            return path
        min_path = path + [float('inf')] * k
        for nr, nc in neighbors(r, c):
            new_path = dfs(nr, nc, path + [grid[nr][nc]], k - 1)
            if new_path[-1] < min_path[-1]:
                min_path = new_path
        return min_path

    min_path = [float('inf')] * k
    for r in range(len(grid)):
        for c in range(len(grid[0])):
            path = dfs(r, c, [grid[r][c]], k - 1)
            if path[-1] < min_path[-1]:
                min_path = path
    return min_path","def minPath(grid, k):
    """"""
    Given a grid with N rows and N columns (N >= 2) and a positive integer k, 
    each cell of the grid contains a value. Every integer in the range [1, N * N]
    inclusive appears exactly once on the cells of the grid.

    You have to find the minimum path of length k in the grid. You can start
    from any cell, and in each step you can move to any of the neighbor cells,
    in other words, you can go to cells which share an edge with you current
    cell.
    Please note that a path of length k means visiting exactly k cells (not
    necessarily distinct).
    You CANNOT go off the grid.
    A path A (of length k) is considered less than a path B (of length k) if
    after making the ordered lists of the values on the cells that A and B go
    through (let's call them lst_A and lst_B), lst_A is lexicographically less
    than lst_B, in other words, there exist an integer index i (1 <= i <= k)
    such that lst_A[i] < lst_B[i] and for any j (1 <= j < i) we have
    lst_A[j] = lst_B[j].
    It is guaranteed that the answer is unique.
    Return an ordered list of the values on the cells that the minimum path go through.

    Examples:

        Input: grid = [ [1,2,3], [4,5,6], [7,8,9]], k = 3
        Output: [1, 2, 1]

        Input: grid = [ [5,9,3], [4,1,6], [7,8,2]], k = 1
        Output: [1]
    """"""
    N = len(grid)
    x, y = 0, 0
    for i in range(N):
        for j in range(N):
            if grid[i][j] == 1:
                x, y = i, j
    mn = N * N
    if x > 0: mn = min(mn, grid[x - 1][y])
    if x < N - 1: mn = min(mn, grid[x + 1][y])
    if y > 0: mn = min(mn, grid[x][y - 1])
    if y < N - 1: mn = min(mn, grid[x][y + 1])
    return [1 if i % 2 == 0 else mn for i in range(k)]"
416,GPT-4,132,Af2 Missing multiple steps,Bg2 Missing code block,"def is_nested(string):
    '''
    Create a function that takes a string as input which contains only square brackets.
    The function should return True if and only if there is a valid subsequence of brackets 
    where at least one bracket in the subsequence is nested.

    is_nested('[[]]') ➞ True
    is_nested('[]]]]]]][[[[[]') ➞ False
    is_nested('[][]') ➞ False
    is_nested('[]') ➞ False
    is_nested('[[][]]') ➞ True
    is_nested('[[]][[') ➞ True
    '''
    stack = []
    nested = False

    for char in string:
        if char == '[':
            stack.append(char)
        elif char == ']' and stack:
            stack.pop()
            if stack:
                nested = True

    return nested and not stack","def is_nested(string):
    '''
    Create a function that takes a string as input which contains only square brackets.
    The function should return True if and only if there is a valid subsequence of brackets 
    where at least one bracket in the subsequence is nested.

    is_nested('[[]]') ➞ True
    is_nested('[]]]]]]][[[[[]') ➞ False
    is_nested('[][]') ➞ False
    is_nested('[]') ➞ False
    is_nested('[[][]]') ➞ True
    is_nested('[[]][[') ➞ True
    '''

    for i in range(len(string)):
        if string[i] == ""]"": continue
        cnt, max_nest = 0, 0
        for j in range(i, len(string)):
            if string[j] == ""["":
                cnt += 1
            else:
                cnt -= 1
            max_nest = max(max_nest, cnt)
            if cnt == 0:
                if max_nest >= 2:
                    return True
                break
    return False"
418,GPT-4,142,Aa2 Incorrect condition,Ba1 If error,"# CANNOT PARSE
def sum_squares(lst):
    """"""
    This function will take a list of integers. For all entries in the list, the function shall square the integer entry if its index is a 
    multiple of 3 and will cube the integer entry if its index is a multiple of 4 and not a multiple of 3. The function will not 
    change the entries in the list whose indexes are not a multiple of 3 or 4. The function shall then return the sum of all entries. 
    
    Examples:
    For lst = [1,2,3] the output should be 6
    For lst = []  the output should be 0
    For lst = [-1,-5,2,-1,-5]  the output should be -126
    """"""
    result = 0
    for i, num in enumerate(lst):
        if i % 3 == 0 and i % 4 != 0:
            result += num ** 2
        elif i % 4 == 0:
            result += num ** 3
        else:
            result += num
    return result","def sum_squares(lst):
    """"""""
    This function will take a list of integers. For all entries in the list, the function shall square the integer entry if its index is a 
    multiple of 3 and will cube the integer entry if its index is a multiple of 4 and not a multiple of 3. The function will not 
    change the entries in the list whose indexes are not a multiple of 3 or 4. The function shall then return the sum of all entries. 
    
    Examples:
    For lst = [1,2,3] the output should be 6
    For lst = []  the output should be 0
    For lst = [-1,-5,2,-1,-5]  the output should be -126
    """"""
    ans = 0
    for i, num in enumerate(lst):
        if i % 3 == 0:
            ans += num ** 2
        elif i % 4 == 0:
            ans += num ** 3
        else:
            ans += num
    return ans"
420,GPT-4,145,Af2 Missing multiple steps,Bg2 Missing code block,"def order_by_points(nums):
    """"""
    Write a function which sorts the given list of integers
    in ascending order according to the sum of their digits.
    Note: if there are several items with similar sum of their digits,
    order them based on their index in original list.

    For example:
    >>> order_by_points([1, 11, -1, -11, -12]) == [-1, -11, 1, -12, 11]
    >>> order_by_points([]) == []
    """"""

    def sum_of_digits(num):
        return sum(int(digit) for digit in str(abs(num)))

    return sorted(nums, key=lambda x: (sum_of_digits(x), nums.index(x)))","def order_by_points(nums):
    """"""
    Write a function which sorts the given list of integers
    in ascending order according to the sum of their digits.
    Note: if there are several items with similar sum of their digits,
    order them based on their index in original list.

    For example:
    >>> order_by_points([1, 11, -1, -11, -12]) == [-1, -11, 1, -12, 11]
    >>> order_by_points([]) == []
    """"""
    def weight(x):
        x_list = list(str(x))
        if x_list[0] == ""-"":
            x_list = x_list[1:]
            x_list = list(map(int, x_list))
            x_list[0] = -x_list[0]
        else:
            x_list = list(map(int, x_list))
        return sum(x_list)
    return sorted(nums, key=weight)"
422,GPT-4,160,Ae3 Wrong (logical) direction,Bg1 Incorrect code block,"# CANNOT PARSE
def do_algebra(operator, operand):
    """"""
    Given two lists operator, and operand. The first list has basic algebra operations, and 
    the second list is a list of integers. Use the two given lists to build the algebric 
    expression and return the evaluation of this expression.

    The basic algebra operations:
    Addition ( + ) 
    Subtraction ( - ) 
    Multiplication ( * ) 
    Floor division ( // ) 
    Exponentiation ( ** ) 

    Example:
    operator['+', '*', '-']
    array = [2, 3, 4, 5]
    result = 2 + 3 * 4 - 5
    => result = 9

    Note:
        The length of operator list is equal to the length of operand list minus one.
        Operand is a list of of non-negative integers.
        Operator list has at least one operator, and operand list has at least two operands.

    """"""
    result = operand[0]
    for i in range(len(operator)):
        if operator[i] == '+':
            result += operand[i + 1]
        elif operator[i] == '-':
            result -= operand[i + 1]
        elif operator[i] == '*':
            result *= operand[i + 1]
        elif operator[i] == '//':
            result //= operand[i + 1]
        elif operator[i] == '**':
            result **= operand[i + 1]
    return result","def do_algebra(operator, operand):
    """"""
    Given two lists operator, and operand. The first list has basic algebra operations, and 
    the second list is a list of integers. Use the two given lists to build the algebric 
    expression and return the evaluation of this expression.

    The basic algebra operations:
    Addition ( + ) 
    Subtraction ( - ) 
    Multiplication ( * ) 
    Floor division ( // ) 
    Exponentiation ( ** ) 

    Example:
    operator['+', '*', '-']
    array = [2, 3, 4, 5]
    result = 2 + 3 * 4 - 5
    => result = 9

    Note:
        The length of operator list is equal to the length of operand list minus one.
        Operand is a list of of non-negative integers.
        Operator list has at least one operator, and operand list has at least two operands.

    """"""
    exp = """"
    for i in range(len(operator)):
        exp += str(operand[i]) + operator[i]
    exp += str(operand[-1])
    return eval(exp)"
423,GPT-4,163,Aa2 Incorrect condition,Bb1 For error,"def generate_integers(a, b):
    """"""
    Given two positive integers a and b, return the even digits between a
    and b, in ascending order.

    For example:
    generate_integers(2, 8) => [2, 4, 6, 8]
    generate_integers(8, 2) => [2, 4, 6, 8]
    generate_integers(10, 14) => []
    """"""
    # Ensure a is the smaller number
    if a > b:
        a, b = b, a

    # Initialize the result list
    result = []

    # Iterate through the range of numbers between a and b
    for i in range(a, b + 1):
        # Check if the number is even
        if i % 2 == 0:
            # Add the even number to the result list
            result.append(i)

    return result","def generate_integers(a, b):
    """"""
    Given two positive integers a and b, return the even digits between a
    and b, in ascending order.

    For example:
    generate_integers(2, 8) => [2, 4, 6, 8]
    generate_integers(8, 2) => [2, 4, 6, 8]
    generate_integers(10, 14) => []
    """"""
    if a > b: a, b = b, a
    return [i for i in range(a, min(b + 1, 10)) if i % 2 == 0]"